[
  {
    "value": "Smart Health Care Hackathon",
    "synonyms": [
      "Smart Health Care Hackathon",
      "Smart Healthcare hackathon",
      "healthcare hackathon",
      "Health Hackathon"
    ]
  },
  {
    "value": "Genesys Daksh Hackathon",
    "synonyms": [
      "Genesys Daksh Hackathon",
      "Genesys hackathon",
      "API based workshop"
    ]
  },
  {
    "value": "Smart Two-Wheeler Hackathon",
    "synonyms": [
      "Smart Two-Wheeler Safety System Hackathon",
      "Two wheeler hackathon",
      "two-wheeler hackathon",
      "mechanical based hackathon",
      "Smart two wheeler hackathon",
      "Smart Two-Wheeler Hackathon",
      "smart two wheeler hackathon"
    ]
  },
  {
    "value": "Smart Farming Hackathon",
    "synonyms": [
      "Smart Farming Hackathon",
      "farming hackathon"
    ]
  },
  {
    "value": "Smart Manufacturing Hackathon",
    "synonyms": [
      "Smart Manufacturing Hackathon",
      "manufacturing hackathon",
      "manufacturing based hackathon",
      "AR/VR based hackathon"
    ]
  },
  {
    "value": "Smart Rain Gauge Hackathon",
    "synonyms": [
      "Smart Rain Gauge Hackathon",
      "rain gauge hackathon",
      "rain hackathon"
    ]
  },
  {
    "value": "Smart City Hackathon",
    "synonyms": [
      "Smart City hackathon",
      "city hackathon"
    ]
  },
  {
    "value": "Smart Finance Hackathon",
    "synonyms": [
      "Smart Finance Hackathon",
      "finance hackathon"
    ]
  }
]