[
  {
    "id": "8453f96b-8d3c-4fa7-b796-9ebb5db045fe",
    "data": [
      {
        "text": "Locate ",
        "userDefined": false
      },
      {
        "text": "Chatram Bus Stand",
        "alias": "chatram-terminals",
        "meta": "@chatram-terminals",
        "userDefined": true
      }
    ],
    "isTemplate": false,
    "count": 0,
    "updated": 0
  },
  {
    "id": "3f617c84-75cb-4a43-8ba3-453363611169",
    "data": [
      {
        "text": "Take me to ",
        "userDefined": false
      },
      {
        "text": "Chatiram Bus Stand",
        "alias": "chatram-terminals",
        "meta": "@chatram-terminals",
        "userDefined": true
      }
    ],
    "isTemplate": false,
    "count": 0,
    "updated": 0
  },
  {
    "id": "9ab8c1aa-5d5d-423a-9145-64d18cc33d5b",
    "data": [
      {
        "text": "Take me to ",
        "userDefined": false
      },
      {
        "text": "Chatram Bus Stand",
        "alias": "chatram-terminals",
        "meta": "@chatram-terminals",
        "userDefined": true
      }
    ],
    "isTemplate": false,
    "count": 0,
    "updated": 0
  }
]