[
  {
    "id": "70522fcd-17ba-439c-aaca-565995206759",
    "data": [
      {
        "text": "Tell me more about Chatbox workshop",
        "userDefined": false
      }
    ],
    "isTemplate": false,
    "count": 0,
    "updated": 0
  },
  {
    "id": "fda7d411-85ff-43f2-8c27-ea2d18d314a9",
    "data": [
      {
        "text": "Give me details about AWS workshop",
        "userDefined": false
      }
    ],
    "isTemplate": false,
    "count": 0,
    "updated": 0
  },
  {
    "id": "a5adb0a1-f14d-414c-9a77-b10355da9873",
    "data": [
      {
        "text": "Give me details about Amazon workshop",
        "userDefined": false
      }
    ],
    "isTemplate": false,
    "count": 0,
    "updated": 0
  }
]