[
  {
    "id": "c459c9bf-0811-45d3-8909-975ac6b4a1cb",
    "data": [
      {
        "text": "list events",
        "userDefined": false
      }
    ],
    "isTemplate": false,
    "count": 0,
    "updated": 0
  },
  {
    "id": "21233d96-1962-4c08-8a05-fb909f60d4a9",
    "data": [
      {
        "text": "list events in daksh",
        "userDefined": false
      }
    ],
    "isTemplate": false,
    "count": 0,
    "updated": 0
  },
  {
    "id": "c1d328b3-2261-4e38-b6c7-c80945e5be6d",
    "data": [
      {
        "text": "tell me about daksh events",
        "userDefined": false
      }
    ],
    "isTemplate": false,
    "count": 0,
    "updated": 0
  },
  {
    "id": "118273f8-5559-4f07-a70c-0610c4727f34",
    "data": [
      {
        "text": "give me details about daksh events",
        "userDefined": false
      }
    ],
    "isTemplate": false,
    "count": 0,
    "updated": 0
  },
  {
    "id": "d85d6acc-4496-40a9-9855-829d935cc31d",
    "data": [
      {
        "text": "give me details about events",
        "userDefined": false
      }
    ],
    "isTemplate": false,
    "count": 0,
    "updated": 0
  },
  {
    "id": "77e399bd-6c3a-4239-b345-b1d95ad1696b",
    "data": [
      {
        "text": "list daksh events",
        "userDefined": false
      }
    ],
    "isTemplate": false,
    "count": 0,
    "updated": 0
  },
  {
    "id": "dbce862b-e181-4fdb-b74a-67403b6b41de",
    "data": [
      {
        "text": "tell me about events",
        "userDefined": false
      }
    ],
    "isTemplate": false,
    "count": 0,
    "updated": 0
  }
]