[
  {
    "id": "a82df0df-bbbf-406e-8c75-403a46db74eb",
    "data": [
      {
        "text": "Tell me details about fox hunt",
        "userDefined": false
      }
    ],
    "isTemplate": false,
    "count": 0,
    "updated": 0
  },
  {
    "id": "4d263d0b-0bbe-4172-9f62-64720bc14afc",
    "data": [
      {
        "text": "I need more on Fox hunt",
        "userDefined": false
      }
    ],
    "isTemplate": false,
    "count": 0,
    "updated": 0
  },
  {
    "id": "cd3411b6-3068-4580-8aa7-3ce57944ccc8",
    "data": [
      {
        "text": "What is Fox Hunt",
        "userDefined": false
      }
    ],
    "isTemplate": false,
    "count": 0,
    "updated": 0
  },
  {
    "id": "2e3ed9d9-7079-4ebd-9cda-43959214ae6a",
    "data": [
      {
        "text": "I want to more about Fox Hunt",
        "userDefined": false
      }
    ],
    "isTemplate": false,
    "count": 0,
    "updated": 0
  }
]