[
  {
    "id": "8c766bd2-8eff-487c-a9e3-22e8e9f5bbb2",
    "data": [
      {
        "text": "I want to ",
        "userDefined": false
      },
      {
        "text": "know more",
        "meta": "@sys.ignore",
        "userDefined": false
      },
      {
        "text": " about ",
        "userDefined": false
      },
      {
        "text": "smart farming hackathon",
        "alias": "hackathon_events",
        "meta": "@hackathon_events",
        "userDefined": false
      }
    ],
    "isTemplate": false,
    "count": 0,
    "updated": 0
  },
  {
    "id": "90c69359-4c4e-4844-a15b-b754b261f22c",
    "data": [
      {
        "text": "take me to ",
        "userDefined": false
      },
      {
        "text": "smart city hackathon",
        "alias": "hackathon_events",
        "meta": "@hackathon_events",
        "userDefined": false
      }
    ],
    "isTemplate": false,
    "count": 0,
    "updated": 0
  },
  {
    "id": "c4ed7f84-f760-497c-a5fe-ae2027cb53d1",
    "data": [
      {
        "text": "Take me to  ",
        "userDefined": false
      },
      {
        "text": "Genesys Daksh Hackathon",
        "alias": "hackathon_events",
        "meta": "@hackathon_events",
        "userDefined": false
      }
    ],
    "isTemplate": false,
    "count": 0,
    "updated": 0
  }
]