[
  {
    "id": "e5820f0a-90cc-4944-9351-81723338f1c4",
    "data": [
      {
        "text": "list ",
        "userDefined": false
      },
      {
        "text": "hackathons",
        "meta": "@sys.ignore",
        "userDefined": false
      }
    ],
    "isTemplate": false,
    "count": 0,
    "updated": 0
  },
  {
    "id": "ba42081a-6fa0-41e3-a04c-ee133d95583e",
    "data": [
      {
        "text": "list of ",
        "userDefined": false
      },
      {
        "text": "Daksh hackathon",
        "meta": "@sys.ignore",
        "userDefined": true
      }
    ],
    "isTemplate": false,
    "count": 0,
    "updated": 0
  }
]