[
  {
    "id": "f0ff228d-8604-4167-bbfe-85ec9a3d1c57",
    "data": [
      {
        "text": "Where is hospital",
        "userDefined": false
      }
    ],
    "isTemplate": false,
    "count": 0,
    "updated": 0
  },
  {
    "id": "7e058b0f-6bd6-4f7e-b1e6-2025ca868703",
    "data": [
      {
        "text": "Where are hospitals ",
        "userDefined": false
      },
      {
        "text": "nearby",
        "meta": "@sys.ignore",
        "userDefined": false
      }
    ],
    "isTemplate": false,
    "count": 0,
    "updated": 0
  },
  {
    "id": "d4b315e9-8fb8-4c94-820f-5c6e0962f227",
    "data": [
      {
        "text": "Take me to hospital",
        "userDefined": false
      }
    ],
    "isTemplate": false,
    "count": 0,
    "updated": 0
  }
]