[
  {
    "id": "95f259a5-3f11-4920-8993-e6eb189606ae",
    "data": [
      {
        "text": "Tell me about Idea Presentation",
        "userDefined": false
      }
    ],
    "isTemplate": false,
    "count": 0,
    "updated": 0
  },
  {
    "id": "dd72f191-c19c-465c-b455-dee388e10eac",
    "data": [
      {
        "text": "info on idea presentation please",
        "userDefined": false
      }
    ],
    "isTemplate": false,
    "count": 0,
    "updated": 0
  },
  {
    "id": "174067c2-0373-462c-9208-0f2de6afb4b7",
    "data": [
      {
        "text": "I want to more about idea presentation",
        "userDefined": false
      }
    ],
    "isTemplate": false,
    "count": 0,
    "updated": 0
  }
]