[
  {
    "id": "c60a409f-937e-4838-bd4d-f3383ffe095b",
    "data": [
      {
        "text": "please improve your sense of humor",
        "userDefined": false
      }
    ],
    "isTemplate": false,
    "count": 0,
    "updated": 0
  },
  {
    "id": "e16486f3-5419-43c3-9dff-c8db7af2121c",
    "data": [
      {
        "text": "your jokes are awful",
        "userDefined": false
      }
    ],
    "isTemplate": false,
    "count": 0,
    "updated": 0
  },
  {
    "id": "d194efd4-b259-4ebc-82f0-d3dbed7f9845",
    "data": [
      {
        "text": "you\u0027ve lost your sense of humor",
        "userDefined": false
      }
    ],
    "isTemplate": false,
    "count": 0,
    "updated": 0
  },
  {
    "id": "76034580-e35a-4f17-a2c3-008d9048a7ca",
    "data": [
      {
        "text": "your jokes don\u0027t make me laugh",
        "userDefined": false
      }
    ],
    "isTemplate": false,
    "count": 0,
    "updated": 0
  },
  {
    "id": "162d21e0-01ab-47b1-b3af-53345e89227b",
    "data": [
      {
        "text": "your jokes are not funny",
        "userDefined": false
      }
    ],
    "isTemplate": false,
    "count": 0,
    "updated": 0
  },
  {
    "id": "6ab5bcb6-530a-40aa-ad22-dde1daf6e379",
    "data": [
      {
        "text": "i didn\u0027t like this joke",
        "userDefined": false
      }
    ],
    "isTemplate": false,
    "count": 0,
    "updated": 0
  },
  {
    "id": "634907b3-26c1-4102-b228-d401ef28b44d",
    "data": [
      {
        "text": "I didn\u0027t like that joke",
        "userDefined": false
      }
    ],
    "isTemplate": false,
    "count": 0,
    "updated": 0
  },
  {
    "id": "821de9b1-c12d-4c9b-9b47-7395947916b6",
    "data": [
      {
        "text": "that is not funny",
        "userDefined": false
      }
    ],
    "isTemplate": false,
    "count": 0,
    "updated": 0
  },
  {
    "id": "19950500-51a9-4ac1-b97c-cca1572198f2",
    "data": [
      {
        "text": "stop it",
        "userDefined": false
      }
    ],
    "isTemplate": false,
    "count": 0,
    "updated": 0
  },
  {
    "id": "364c696a-9bfb-46ce-8dbe-fe3f91b26597",
    "data": [
      {
        "text": "stop",
        "userDefined": false
      }
    ],
    "isTemplate": false,
    "count": 0,
    "updated": 0
  },
  {
    "id": "06735fa6-3339-493a-82b7-9d880afaf1b5",
    "data": [
      {
        "text": "no",
        "userDefined": false
      }
    ],
    "isTemplate": false,
    "count": 0,
    "updated": 0
  },
  {
    "id": "74786487-cf32-4009-b390-30f45aec49cb",
    "data": [
      {
        "text": "it\u0027s a bad joke",
        "userDefined": false
      }
    ],
    "isTemplate": false,
    "count": 0,
    "updated": 0
  },
  {
    "id": "410d5f39-e8cb-48fb-a7ea-967d176b8537",
    "data": [
      {
        "text": "this is not funny",
        "userDefined": false
      }
    ],
    "isTemplate": false,
    "count": 0,
    "updated": 0
  },
  {
    "id": "5af238b6-e833-4e0b-a896-78cfce0969c7",
    "data": [
      {
        "text": "not funny",
        "userDefined": false
      }
    ],
    "isTemplate": false,
    "count": 0,
    "updated": 0
  },
  {
    "id": "b90008e9-97ee-48c2-9e06-010062d65c9b",
    "data": [
      {
        "text": "not funny at all",
        "userDefined": false
      }
    ],
    "isTemplate": false,
    "count": 0,
    "updated": 0
  },
  {
    "id": "8b7c4287-c86a-4f8d-a63d-db1fd8d57906",
    "data": [
      {
        "text": "it was a stupid joke",
        "userDefined": false
      }
    ],
    "isTemplate": false,
    "count": 0,
    "updated": 0
  },
  {
    "id": "70100bfc-3d61-4add-9358-4b256655be3a",
    "data": [
      {
        "text": "I wish you had a sense of humor",
        "userDefined": false
      }
    ],
    "isTemplate": false,
    "count": 0,
    "updated": 0
  },
  {
    "id": "fdd18950-3675-4127-9fe7-3e9ec4ab535d",
    "data": [
      {
        "text": "you have no sense of humor",
        "userDefined": false
      }
    ],
    "isTemplate": false,
    "count": 0,
    "updated": 0
  },
  {
    "id": "13ec6a85-8a17-439b-a44c-38799b8ade55",
    "data": [
      {
        "text": "I hate your jokes",
        "userDefined": false
      }
    ],
    "isTemplate": false,
    "count": 0,
    "updated": 0
  },
  {
    "id": "5cd3d462-a4fe-4fb0-b201-e425f451b21e",
    "data": [
      {
        "text": "stop your stupid jokes",
        "userDefined": false
      }
    ],
    "isTemplate": false,
    "count": 0,
    "updated": 0
  }
]