[
  {
    "id": "f192e151-690e-4e25-846e-eeda87bc4601",
    "data": [
      {
        "text": "I like your sense of humor",
        "userDefined": false
      }
    ],
    "isTemplate": false,
    "count": 1,
    "updated": 0
  },
  {
    "id": "cab87012-336e-4c60-b275-4426cebf99f4",
    "data": [
      {
        "text": "I love your jokes",
        "userDefined": false
      }
    ],
    "isTemplate": false,
    "count": 1,
    "updated": 0
  },
  {
    "id": "34e1b11d-3e30-4e64-8f5f-ef67532bcf57",
    "data": [
      {
        "text": "nice one",
        "userDefined": false
      }
    ],
    "isTemplate": false,
    "count": 0,
    "updated": 0
  },
  {
    "id": "ee7a7eb1-8793-41a5-a8a7-19e9294aac34",
    "data": [
      {
        "text": "funny",
        "userDefined": false
      }
    ],
    "isTemplate": false,
    "count": 0,
    "updated": 0
  },
  {
    "id": "f4ea60b5-60a4-4772-934c-a158bf0762b2",
    "data": [
      {
        "text": "I loved that joke",
        "userDefined": false
      }
    ],
    "isTemplate": false,
    "count": 1,
    "updated": 0
  },
  {
    "id": "4ece57af-9071-458e-ac94-f48801c31501",
    "data": [
      {
        "text": "i do like your jokes",
        "userDefined": false
      }
    ],
    "isTemplate": false,
    "count": 0,
    "updated": 0
  },
  {
    "id": "d66a4c02-5e14-45bd-b9f1-3ce924727de3",
    "data": [
      {
        "text": "it\u0027s the funniest joke ever",
        "userDefined": false
      }
    ],
    "isTemplate": false,
    "count": 0,
    "updated": 0
  },
  {
    "id": "bb3acd9e-b981-4251-9dcf-4e2ae07c8d54",
    "data": [
      {
        "text": "i like this ",
        "userDefined": false
      },
      {
        "text": "one",
        "meta": "@sys.ignore",
        "userDefined": false
      }
    ],
    "isTemplate": false,
    "count": 0,
    "updated": 0
  },
  {
    "id": "be046420-3fa9-42c0-a518-2f14380c72af",
    "data": [
      {
        "text": "hilarious",
        "userDefined": false
      }
    ],
    "isTemplate": false,
    "count": 0,
    "updated": 0
  },
  {
    "id": "4ebf27a0-987a-47e6-bb6b-3b764ab68578",
    "data": [
      {
        "text": "lol",
        "userDefined": false
      }
    ],
    "isTemplate": false,
    "count": 0,
    "updated": 0
  },
  {
    "id": "49593eb2-acec-4817-95e7-a30ff2d6d303",
    "data": [
      {
        "text": "good joke",
        "userDefined": false
      }
    ],
    "isTemplate": false,
    "count": 0,
    "updated": 0
  },
  {
    "id": "ee04d995-e7a4-4ce0-99a1-ab0400ecf4b5",
    "data": [
      {
        "text": "you are so witty",
        "userDefined": false
      }
    ],
    "isTemplate": false,
    "count": 0,
    "updated": 0
  },
  {
    "id": "4f679edd-2701-4942-8a2e-df8e9431c11b",
    "data": [
      {
        "text": "ahahah lol",
        "userDefined": false
      }
    ],
    "isTemplate": false,
    "count": 0,
    "updated": 0
  },
  {
    "id": "952fef12-f140-4efe-85d8-fcdc371a437b",
    "data": [
      {
        "text": "your jokes are always funny",
        "userDefined": false
      }
    ],
    "isTemplate": false,
    "count": 0,
    "updated": 0
  },
  {
    "id": "f9c19697-0940-4aba-b836-bd28d2e6e7d8",
    "data": [
      {
        "text": "rofl",
        "userDefined": false
      }
    ],
    "isTemplate": false,
    "count": 0,
    "updated": 0
  },
  {
    "id": "46463a35-f9c3-48d1-a1ff-ecf579466d75",
    "data": [
      {
        "text": "you are so funny",
        "userDefined": false
      }
    ],
    "isTemplate": false,
    "count": 0,
    "updated": 0
  },
  {
    "id": "09144fd8-3d56-48c0-9003-b2450f1d2d2c",
    "data": [
      {
        "text": "so funny",
        "userDefined": false
      }
    ],
    "isTemplate": false,
    "count": 0,
    "updated": 0
  },
  {
    "id": "567e5ee7-876c-42ff-85d0-f7d792e67f0e",
    "data": [
      {
        "text": "hahaha",
        "userDefined": false
      }
    ],
    "isTemplate": false,
    "count": 0,
    "updated": 0
  },
  {
    "id": "a56c7ede-fc0b-4e4e-989e-1b1c2fc1eeec",
    "data": [
      {
        "text": "ahha",
        "userDefined": false
      }
    ],
    "isTemplate": false,
    "count": 0,
    "updated": 0
  },
  {
    "id": "1c031505-fbcb-4717-b12e-614775a35132",
    "data": [
      {
        "text": "cool",
        "userDefined": false
      }
    ],
    "isTemplate": false,
    "count": 0,
    "updated": 0
  },
  {
    "id": "ce76d651-41fa-4e5d-8f84-6cd177d4fb1a",
    "data": [
      {
        "text": "nice joke",
        "userDefined": false
      }
    ],
    "isTemplate": false,
    "count": 1,
    "updated": 0
  },
  {
    "id": "ddf613f1-7a69-4cfb-83d1-42c820379a8a",
    "data": [
      {
        "text": "you\u0027re funny",
        "userDefined": false
      }
    ],
    "isTemplate": false,
    "count": 0,
    "updated": 0
  },
  {
    "id": "377c4531-5dd4-4c60-acbd-c1370d579f72",
    "data": [
      {
        "text": "your jokes are good",
        "userDefined": false
      }
    ],
    "isTemplate": false,
    "count": 0,
    "updated": 0
  },
  {
    "id": "6a26a496-6c8b-4924-9599-d8b6fc89ffcf",
    "data": [
      {
        "text": "nice",
        "meta": "@sys.ignore",
        "userDefined": false
      },
      {
        "text": " joke I like it",
        "userDefined": false
      }
    ],
    "isTemplate": false,
    "count": 0,
    "updated": 0
  },
  {
    "id": "5f39980e-3909-4d08-8e9e-e1547036fe94",
    "data": [
      {
        "text": "you have such a good sense of humor",
        "userDefined": false
      }
    ],
    "isTemplate": false,
    "count": 1,
    "updated": 0
  },
  {
    "id": "8071d0c9-9574-4de1-8520-7b63a8eaf547",
    "data": [
      {
        "text": "haha you have a good sense of humor",
        "userDefined": false
      }
    ],
    "isTemplate": false,
    "count": 1,
    "updated": 0
  },
  {
    "id": "c80cc041-41b9-4ac6-a7ed-d0a44db5e6a1",
    "data": [
      {
        "text": "I do appreciate your sense of humor",
        "userDefined": false
      }
    ],
    "isTemplate": false,
    "count": 0,
    "updated": 0
  },
  {
    "id": "f6c53298-5dbf-4708-b82c-0d18cc514ba5",
    "data": [
      {
        "text": "great joke",
        "userDefined": false
      }
    ],
    "isTemplate": false,
    "count": 0,
    "updated": 0
  }
]