[
  {
    "id": "e461d410-fc4a-48ca-afa9-ecb153a3fb8e",
    "data": [
      {
        "text": "more jokes",
        "userDefined": false
      }
    ],
    "isTemplate": false,
    "count": 0,
    "updated": 0
  },
  {
    "id": "8925ef2e-0d7c-4143-b4b8-5ec8edda66a4",
    "data": [
      {
        "text": "why not",
        "userDefined": false
      }
    ],
    "isTemplate": false,
    "count": 0,
    "updated": 0
  },
  {
    "id": "6ecfe056-44aa-4e41-996f-0a9ed08a9841",
    "data": [
      {
        "text": "ready for more",
        "userDefined": false
      }
    ],
    "isTemplate": false,
    "count": 0,
    "updated": 0
  },
  {
    "id": "634e3191-0100-4d36-830a-c6a76a019ed9",
    "data": [
      {
        "text": "yes sure",
        "userDefined": false
      }
    ],
    "isTemplate": false,
    "count": 0,
    "updated": 0
  },
  {
    "id": "d18b6bb4-95e1-424c-a2f3-6fb2a939b505",
    "data": [
      {
        "text": "okay",
        "userDefined": false
      }
    ],
    "isTemplate": false,
    "count": 0,
    "updated": 0
  },
  {
    "id": "99a1cbc7-25e1-4f9e-86f2-6140ffdbb3d5",
    "data": [
      {
        "text": "tell me more",
        "userDefined": false
      }
    ],
    "isTemplate": false,
    "count": 0,
    "updated": 0
  },
  {
    "id": "be01758f-c8a3-49cf-8bb9-d6f130cb9b35",
    "data": [
      {
        "text": "more fun",
        "userDefined": false
      }
    ],
    "isTemplate": false,
    "count": 0,
    "updated": 0
  },
  {
    "id": "40d9ee92-df37-4e43-88af-446a2cd26629",
    "data": [
      {
        "text": "ok",
        "userDefined": false
      }
    ],
    "isTemplate": false,
    "count": 0,
    "updated": 0
  },
  {
    "id": "bf575fe8-e747-4b0a-82dc-a6b9622daf1b",
    "data": [
      {
        "text": "are there more",
        "userDefined": false
      }
    ],
    "isTemplate": false,
    "count": 0,
    "updated": 0
  },
  {
    "id": "9e7a150b-8df9-478b-b7d2-b4580ec7d553",
    "data": [
      {
        "text": "ready",
        "userDefined": false
      }
    ],
    "isTemplate": false,
    "count": 0,
    "updated": 0
  },
  {
    "id": "6cfc4a0f-bed6-4732-8da0-8705377c5a0e",
    "data": [
      {
        "text": "another joke",
        "userDefined": false
      }
    ],
    "isTemplate": false,
    "count": 0,
    "updated": 0
  },
  {
    "id": "417d9cec-a879-4e9c-bfee-53ba7a95695e",
    "data": [
      {
        "text": "anything else",
        "userDefined": false
      }
    ],
    "isTemplate": false,
    "count": 0,
    "updated": 0
  },
  {
    "id": "ef3fef10-ca14-46cc-ae86-7fd38a21d489",
    "data": [
      {
        "text": "more",
        "userDefined": false
      }
    ],
    "isTemplate": false,
    "count": 0,
    "updated": 0
  },
  {
    "id": "d0cc34d9-45b1-43fb-becc-6e17634ea37a",
    "data": [
      {
        "text": "another ",
        "userDefined": false
      },
      {
        "text": "one",
        "meta": "@sys.ignore",
        "userDefined": false
      }
    ],
    "isTemplate": false,
    "count": 0,
    "updated": 0
  },
  {
    "id": "d1939ce1-2558-4469-82c9-8c29695fe0b0",
    "data": [
      {
        "text": "go for it",
        "userDefined": false
      }
    ],
    "isTemplate": false,
    "count": 0,
    "updated": 0
  },
  {
    "id": "ea76b8d8-50c9-4a09-bf54-3c2c2e10f397",
    "data": [
      {
        "text": "sure",
        "userDefined": false
      }
    ],
    "isTemplate": false,
    "count": 0,
    "updated": 0
  },
  {
    "id": "82b9c84f-64de-4934-89b7-67d1280c7076",
    "data": [
      {
        "text": "I\u0027m ready for more",
        "userDefined": false
      }
    ],
    "isTemplate": false,
    "count": 0,
    "updated": 0
  },
  {
    "id": "185e6c81-005c-439f-8c07-3e64f0f321b5",
    "data": [
      {
        "text": "do you have more",
        "userDefined": false
      }
    ],
    "isTemplate": false,
    "count": 0,
    "updated": 0
  },
  {
    "id": "05f1f91b-d6b6-48b3-8482-f4f0dd72b055",
    "data": [
      {
        "text": "tell me another",
        "userDefined": false
      }
    ],
    "isTemplate": false,
    "count": 0,
    "updated": 0
  },
  {
    "id": "e1124be4-8815-4dbe-aa6a-9ebc6c5da6ec",
    "data": [
      {
        "text": "next",
        "userDefined": false
      }
    ],
    "isTemplate": false,
    "count": 0,
    "updated": 0
  },
  {
    "id": "43169889-c155-4811-98b4-e7aa187e8253",
    "data": [
      {
        "text": "yes",
        "userDefined": false
      }
    ],
    "isTemplate": false,
    "count": 0,
    "updated": 0
  },
  {
    "id": "e77231d2-cb85-4527-9c87-8564c6228dcb",
    "data": [
      {
        "text": "what else",
        "userDefined": false
      }
    ],
    "isTemplate": false,
    "count": 0,
    "updated": 0
  }
]