[
  {
    "id": "a6a99df1-9400-4ff0-83e8-bbf1dcd17f2b",
    "data": [
      {
        "text": "tell me some jokes",
        "userDefined": false
      }
    ],
    "isTemplate": false,
    "count": 0,
    "updated": 0
  },
  {
    "id": "f6eecd09-943b-4ee2-9140-6998d035f7f2",
    "data": [
      {
        "text": "joke please",
        "userDefined": false
      }
    ],
    "isTemplate": false,
    "count": 0,
    "updated": 0
  },
  {
    "id": "ca9db844-d97b-4300-80b9-93fefb023d19",
    "data": [
      {
        "text": "any",
        "meta": "@sys.ignore",
        "userDefined": false
      },
      {
        "text": " ",
        "userDefined": false
      },
      {
        "text": "good",
        "meta": "@sys.ignore",
        "userDefined": false
      },
      {
        "text": " jokes",
        "userDefined": false
      }
    ],
    "isTemplate": false,
    "count": 0,
    "updated": 0
  },
  {
    "id": "14d1d66f-d70a-4de9-bdc2-0f0f1a9fb815",
    "data": [
      {
        "text": "tell me a joke please",
        "userDefined": false
      }
    ],
    "isTemplate": false,
    "count": 0,
    "updated": 0
  },
  {
    "id": "9b9d8ace-ffdd-4353-b3a6-51c74071a357",
    "data": [
      {
        "text": "jokes",
        "userDefined": false
      }
    ],
    "isTemplate": false,
    "count": 0,
    "updated": 0
  },
  {
    "id": "27a8ed82-8ee2-4ad6-ac1b-b3807319e245",
    "data": [
      {
        "text": "let\u0027s hear ",
        "userDefined": false
      },
      {
        "text": "funny",
        "meta": "@sys.ignore",
        "userDefined": true
      },
      {
        "text": " jokes",
        "userDefined": false
      }
    ],
    "isTemplate": false,
    "count": 0,
    "updated": 0
  },
  {
    "id": "7131935e-a779-4d51-bddf-1601af1428c8",
    "data": [
      {
        "text": "can you tell me a joke please",
        "userDefined": false
      }
    ],
    "isTemplate": false,
    "count": 0,
    "updated": 0
  },
  {
    "id": "d377ea78-b548-4b02-9971-b6a3071925ef",
    "data": [
      {
        "text": "more jokes",
        "userDefined": false
      }
    ],
    "isTemplate": false,
    "count": 0,
    "updated": 0
  },
  {
    "id": "80409312-8a24-4eea-a735-eb215df46a83",
    "data": [
      {
        "text": "I want a ",
        "userDefined": false
      },
      {
        "text": "funny",
        "meta": "@sys.ignore",
        "userDefined": true
      },
      {
        "text": " joke",
        "userDefined": false
      }
    ],
    "isTemplate": false,
    "count": 0,
    "updated": 0
  },
  {
    "id": "3d68200d-d509-4bf1-9536-8f4b90eaae96",
    "data": [
      {
        "text": "random joke",
        "userDefined": false
      }
    ],
    "isTemplate": false,
    "count": 0,
    "updated": 0
  },
  {
    "id": "94ab8c1e-aa68-4a8d-a01a-0f2368ed98fa",
    "data": [
      {
        "text": "tell me a joke",
        "userDefined": false
      }
    ],
    "isTemplate": false,
    "count": 0,
    "updated": 0
  },
  {
    "id": "526a0b47-4036-4adc-b916-010d84e48e99",
    "data": [
      {
        "text": "some joke",
        "userDefined": false
      }
    ],
    "isTemplate": false,
    "count": 0,
    "updated": 0
  },
  {
    "id": "9a4de07b-6f41-4419-899e-8cca38bab446",
    "data": [
      {
        "text": "tell me the ",
        "userDefined": false
      },
      {
        "text": "best",
        "meta": "@sys.ignore",
        "userDefined": true
      },
      {
        "text": " joke ever",
        "userDefined": false
      }
    ],
    "isTemplate": false,
    "count": 0,
    "updated": 0
  },
  {
    "id": "67e5de6d-91b8-4fc4-b00b-b42a487c5931",
    "data": [
      {
        "text": "do you joke well",
        "userDefined": false
      }
    ],
    "isTemplate": false,
    "count": 0,
    "updated": 0
  },
  {
    "id": "cc2715f1-4ff4-45d1-9c6d-a90c6bbc5321",
    "data": [
      {
        "text": "give",
        "meta": "@sys.ignore",
        "userDefined": true
      },
      {
        "text": " me a joke",
        "userDefined": false
      }
    ],
    "isTemplate": false,
    "count": 0,
    "updated": 0
  },
  {
    "id": "1ff3f229-98a1-4b54-a1a4-463ef1327d08",
    "data": [
      {
        "text": "let\u0027s joke",
        "userDefined": false
      }
    ],
    "isTemplate": false,
    "count": 0,
    "updated": 0
  },
  {
    "id": "ecb65871-9c76-4f67-9586-4d65ce945ddb",
    "data": [
      {
        "text": "tell",
        "meta": "@sys.ignore",
        "userDefined": false
      },
      {
        "text": " ",
        "userDefined": false
      },
      {
        "text": "me",
        "meta": "@sys.ignore",
        "userDefined": false
      },
      {
        "text": " a ",
        "userDefined": false
      },
      {
        "text": "funny",
        "meta": "@sys.ignore",
        "userDefined": true
      },
      {
        "text": " joke",
        "userDefined": false
      }
    ],
    "isTemplate": false,
    "count": 0,
    "updated": 0
  },
  {
    "id": "e9e67518-4790-4730-a40d-5c61a8c106d6",
    "data": [
      {
        "text": "I",
        "meta": "@sys.ignore",
        "userDefined": true
      },
      {
        "text": "\u0027",
        "userDefined": false
      },
      {
        "text": "m",
        "meta": "@sys.ignore",
        "userDefined": true
      },
      {
        "text": " feeling glum make ",
        "userDefined": false
      },
      {
        "text": "me",
        "meta": "@sys.ignore",
        "userDefined": true
      },
      {
        "text": " laugh",
        "userDefined": false
      }
    ],
    "isTemplate": false,
    "count": 0,
    "updated": 0
  },
  {
    "id": "d2ac5fb9-eca4-4cc6-b891-d93df9a08084",
    "data": [
      {
        "text": "tell a joke",
        "userDefined": false
      }
    ],
    "isTemplate": false,
    "count": 1,
    "updated": 0
  },
  {
    "id": "d99d5b3d-32c7-488b-9332-0071e488231b",
    "data": [
      {
        "text": "tell me a ",
        "userDefined": false
      },
      {
        "text": "scary",
        "meta": "@sys.ignore",
        "userDefined": true
      },
      {
        "text": " joke",
        "userDefined": false
      }
    ],
    "isTemplate": false,
    "count": 0,
    "updated": 0
  },
  {
    "id": "6b84f60b-47f9-4084-a077-abb40288e1cb",
    "data": [
      {
        "text": "tell me a ",
        "userDefined": false
      },
      {
        "text": "funny",
        "meta": "@sys.ignore",
        "userDefined": true
      },
      {
        "text": " joke",
        "userDefined": false
      }
    ],
    "isTemplate": false,
    "count": 1,
    "updated": 0
  },
  {
    "id": "9f4fce11-bd7b-48e2-886c-f2fd02b56067",
    "data": [
      {
        "text": "can you tell jokes",
        "userDefined": false
      }
    ],
    "isTemplate": false,
    "count": 0,
    "updated": 0
  },
  {
    "id": "95dd671f-eb0a-4fc6-8bfd-dfdf50d01103",
    "data": [
      {
        "text": "it would be nice to hear a joke right now",
        "userDefined": false
      }
    ],
    "isTemplate": false,
    "count": 0,
    "updated": 0
  },
  {
    "id": "4ad54c76-4d49-46ee-864e-2a7b8bc10b1a",
    "data": [
      {
        "text": "can you joke well",
        "userDefined": false
      }
    ],
    "isTemplate": false,
    "count": 0,
    "updated": 0
  },
  {
    "id": "6b91f793-16ad-46a0-8d92-96d9351dbef1",
    "data": [
      {
        "text": "do you know any jokes",
        "userDefined": false
      }
    ],
    "isTemplate": false,
    "count": 0,
    "updated": 0
  },
  {
    "id": "d245ee33-5d8c-4ea1-b9a5-1d8953dd5715",
    "data": [
      {
        "text": "tell me a ",
        "userDefined": false
      },
      {
        "text": "silly",
        "meta": "@sys.ignore",
        "userDefined": true
      },
      {
        "text": " joke",
        "userDefined": false
      }
    ],
    "isTemplate": false,
    "count": 1,
    "updated": 0
  },
  {
    "id": "21118224-f19a-418e-bfb1-a0101ff1591e",
    "data": [
      {
        "text": "do you have any jokes",
        "userDefined": false
      }
    ],
    "isTemplate": false,
    "count": 0,
    "updated": 0
  },
  {
    "id": "145b8f38-446a-451e-8b4e-261d73b7283f",
    "data": [
      {
        "text": "joke",
        "userDefined": false
      }
    ],
    "isTemplate": false,
    "count": 0,
    "updated": 0
  },
  {
    "id": "38975015-0d1a-49eb-8e5b-b643746d92c1",
    "data": [
      {
        "text": "tell",
        "meta": "@sys.ignore",
        "userDefined": false
      },
      {
        "text": " ",
        "userDefined": false
      },
      {
        "text": "me",
        "meta": "@sys.ignore",
        "userDefined": false
      },
      {
        "text": " a ",
        "userDefined": false
      },
      {
        "text": "funny",
        "meta": "@sys.ignore",
        "userDefined": true
      },
      {
        "text": " joke please",
        "userDefined": false
      }
    ],
    "isTemplate": false,
    "count": 0,
    "updated": 0
  },
  {
    "id": "48c6cdb2-abf8-4eaa-abc4-9c0ac47d983a",
    "data": [
      {
        "text": "tell me ",
        "userDefined": false
      },
      {
        "text": "your",
        "meta": "@sys.ignore",
        "userDefined": true
      },
      {
        "text": " ",
        "userDefined": false
      },
      {
        "text": "funniest",
        "meta": "@sys.ignore",
        "userDefined": true
      },
      {
        "text": " joke",
        "userDefined": false
      }
    ],
    "isTemplate": false,
    "count": 0,
    "updated": 0
  },
  {
    "id": "a7b8032b-285c-41bb-b632-6ed9584d7cd8",
    "data": [
      {
        "text": "tell me a ",
        "userDefined": false
      },
      {
        "text": "nice",
        "meta": "@sys.ignore",
        "userDefined": true
      },
      {
        "text": " joke",
        "userDefined": false
      }
    ],
    "isTemplate": false,
    "count": 0,
    "updated": 0
  },
  {
    "id": "3349bc3c-5d3b-4fb1-9ea9-23e170e945b4",
    "data": [
      {
        "text": "I want to hear a joke",
        "userDefined": false
      }
    ],
    "isTemplate": false,
    "count": 0,
    "updated": 0
  },
  {
    "id": "bcced916-9a7f-4ef2-a289-527dd4e23cb0",
    "data": [
      {
        "text": "can you tell me another joke",
        "userDefined": false
      }
    ],
    "isTemplate": false,
    "count": 0,
    "updated": 0
  },
  {
    "id": "26558c57-a5d3-4ece-a307-7e27497ffbe5",
    "data": [
      {
        "text": "I want some jokes",
        "userDefined": false
      }
    ],
    "isTemplate": false,
    "count": 0,
    "updated": 0
  }
]