[
  {
    "id": "01432c47-8430-4e42-bb38-8162cbce0c08",
    "data": [
      {
        "text": "find nearby lodgings",
        "userDefined": false
      }
    ],
    "isTemplate": false,
    "count": 0,
    "updated": 0
  },
  {
    "id": "dc694e14-86e7-425e-a11d-44bf9a5cff38",
    "data": [
      {
        "text": "find lodgings",
        "userDefined": false
      }
    ],
    "isTemplate": false,
    "count": 0,
    "updated": 0
  },
  {
    "id": "aed1af66-cfcd-4410-b693-29dd3f751765",
    "data": [
      {
        "text": "Find accommodations",
        "userDefined": false
      }
    ],
    "isTemplate": false,
    "count": 0,
    "updated": 0
  }
]