[
  {
    "id": "47328592-ae20-4f4f-8811-e47e6a73784c",
    "data": [
      {
        "text": "Tell me about reverse enginneering",
        "userDefined": false
      }
    ],
    "isTemplate": false,
    "count": 1,
    "updated": 0
  },
  {
    "id": "d9ed450f-8ea6-484a-923b-e1581a0a47f1",
    "data": [
      {
        "text": "I want to know more about reverse engineering",
        "userDefined": false
      }
    ],
    "isTemplate": false,
    "count": 0,
    "updated": 0
  },
  {
    "id": "65018e8c-fa49-4c5e-84bb-fc77afb86785",
    "data": [
      {
        "text": "Tell me more about reverse engineering",
        "userDefined": false
      }
    ],
    "isTemplate": false,
    "count": 0,
    "updated": 0
  }
]