[
  {
    "id": "20bfeb71-ad7b-4f36-8cb9-fca4fcee3b9c",
    "data": [
      {
        "text": "Where is ",
        "userDefined": false
      },
      {
        "text": "Tanjore Bus Stand",
        "alias": "Tanjorebstand-terminals",
        "meta": "@Tanjorebstand-terminals",
        "userDefined": false
      }
    ],
    "isTemplate": false,
    "count": 0,
    "updated": 0
  },
  {
    "id": "dfc12fe5-4a83-4fc3-addf-53a8e312e9e4",
    "data": [
      {
        "text": "Locate to ",
        "userDefined": false
      },
      {
        "text": "Tanjore Bus Stand",
        "alias": "Tanjorebstand-terminals",
        "meta": "@Tanjorebstand-terminals",
        "userDefined": false
      }
    ],
    "isTemplate": false,
    "count": 0,
    "updated": 0
  },
  {
    "id": "bf898dd9-b68a-42f6-a067-ee72315d6c9e",
    "data": [
      {
        "text": "Take me to ",
        "userDefined": false
      },
      {
        "text": "Thanjore New Bus Stand",
        "alias": "Tanjorebstand-terminals",
        "meta": "@Tanjorebstand-terminals",
        "userDefined": true
      }
    ],
    "isTemplate": false,
    "count": 0,
    "updated": 0
  }
]