[
  {
    "id": "967943d5-2222-42ae-ad98-d4865ffe7551",
    "data": [
      {
        "text": "Where can i watch movies",
        "userDefined": false
      }
    ],
    "isTemplate": false,
    "count": 0,
    "updated": 0
  },
  {
    "id": "b7e1c13a-0cce-4ca6-8ee8-f817be00fd2f",
    "data": [
      {
        "text": "Where are Cinema halls nearby",
        "userDefined": false
      }
    ],
    "isTemplate": false,
    "count": 0,
    "updated": 0
  },
  {
    "id": "67e9319d-e987-499d-b8fc-ea52d0a3f597",
    "data": [
      {
        "text": "Get me a list of theatres nearby",
        "userDefined": false
      }
    ],
    "isTemplate": false,
    "count": 0,
    "updated": 0
  }
]