[
  {
    "id": "96902127-6308-456e-a864-b21a100eb57a",
    "data": [
      {
        "text": "Places to visit nearby",
        "userDefined": false
      }
    ],
    "isTemplate": false,
    "count": 0,
    "updated": 0
  },
  {
    "id": "cc37b9b8-1f20-445b-898c-95d6bb9d5571",
    "data": [
      {
        "text": "Nearby tourist attractions",
        "userDefined": false
      }
    ],
    "isTemplate": false,
    "count": 0,
    "updated": 0
  },
  {
    "id": "cf6cff20-bdb8-4ee1-b1e1-cac778fd9083",
    "data": [
      {
        "text": "Get me a list of tourist spots",
        "userDefined": false
      }
    ],
    "isTemplate": false,
    "count": 0,
    "updated": 0
  }
]