[
  {
    "id": "7bb7bb1d-7fa6-4315-ac44-13ad4e0e6dd5",
    "data": [
      {
        "text": "Get me the livestream",
        "userDefined": false
      }
    ],
    "isTemplate": false,
    "count": 0,
    "updated": 0
  },
  {
    "id": "b3ec471a-8af6-45c1-9a5c-c6a46cc7fb54",
    "data": [
      {
        "text": "Watch Live",
        "userDefined": false
      }
    ],
    "isTemplate": false,
    "count": 0,
    "updated": 0
  },
  {
    "id": "55fbde0f-072a-445c-b62d-4c688a72af83",
    "data": [
      {
        "text": "Where is ",
        "userDefined": false
      },
      {
        "text": "Daksh",
        "meta": "@sys.ignore",
        "userDefined": false
      },
      {
        "text": " Live stream",
        "userDefined": false
      }
    ],
    "isTemplate": false,
    "count": 0,
    "updated": 0
  },
  {
    "id": "0b446345-6f41-450f-adf1-f1bd3fdd1ca2",
    "data": [
      {
        "text": "Watch ",
        "userDefined": false
      },
      {
        "text": "Daksh",
        "meta": "@sys.ignore",
        "userDefined": false
      },
      {
        "text": " Live",
        "userDefined": false
      }
    ],
    "isTemplate": false,
    "count": 0,
    "updated": 0
  },
  {
    "id": "e09d2fec-daac-454b-8458-159c837388de",
    "data": [
      {
        "text": "Get me the ",
        "userDefined": false
      },
      {
        "text": "Daksh",
        "meta": "@sys.ignore",
        "userDefined": false
      },
      {
        "text": " LiveStream",
        "userDefined": false
      }
    ],
    "isTemplate": false,
    "count": 0,
    "updated": 0
  }
]