[
  {
    "id": "1d618932-a11d-49cb-b7e4-6ac7dce65994",
    "data": [
      {
        "text": "Give me a list of ",
        "userDefined": false
      },
      {
        "text": "workshops",
        "meta": "@sys.ignore",
        "userDefined": false
      }
    ],
    "isTemplate": false,
    "count": 0,
    "updated": 0
  },
  {
    "id": "aa4a5167-d48b-4c9c-ad69-3dc32dd2251c",
    "data": [
      {
        "text": "List of ",
        "userDefined": false
      },
      {
        "text": "workshops",
        "meta": "@sys.ignore",
        "userDefined": false
      }
    ],
    "isTemplate": false,
    "count": 0,
    "updated": 0
  }
]